transaction_id,input_addresses,input_values,output_addresses,output_values
0cabdce1193e3f08af38d2c238a79865d2b1a90ed7349595338db380d5e16841,1c1bSgPbAocbTX7jz61zF4XUbpqCUrQVo,1830627,1ndCGPtzTUrmh1UX7aDno9RJ67eKX6fG9p;1dc1ZLkuYWvLwNCwkEgas4PVXXttW8tLvn,897776;924439
6bbdfcc3ce483d2ae69c06bf83dd32c77013475b422f933fdd0e791cd610193f,1Hf2heRtfsSJpqSK5EibsSBD57AZekXWm,2403478,1iEPJPLHN12Spwsp92EajztnKcAH3d6yYp;1F7oYMkjAZCPSFgdpeNSV1vJAsUMdyc1E,982020;1414176
162b69567e5a0fbed088297a76e0476a6b42088f8b0b7d3b810fa10cd5c1e4ec,17agmxS67b9gS1rYUopfzWjcGLCM1WJQi,1331145,1cetkU14UU3RVo6UVz9Mu64aswPSNGomE;1urWR4XbZTnm6p9J9iTGnE2xkzsGtMxQzV,568874;759020
472e0e5c1413a0d43811aafd3d55a70d2c83240ee8e1e5778555f871af4c43a6,1L9PPAJXTfVcRbnaD3ocqpZZnprD7yXHbd,2303918,1YxtXJCSPkT9WHu2nD9Ec9RW7DAo7ZfgD;1Wiwa2uQfRTRA99qbTqmD7U4gmEMUzSAF,662544;1633562
0c927fd68bc844bc3e9fe01a683f2c634f6aef20b91b8a9fe296c683b0b99ed3,1Qwaa35fZKGfKG8eTvw1dZ6YW8M4FHSYJ;1Q4uZiDVte99kYkRaMz9Vkr9AgbPbUFZwg;1Q4uZiDVte99kYkRaMz9Vkr9AgbPbUFZwg,876879;739867;746944,1Qwaa35fZKGfKG8eTvw1dZ6YW8M4FHSYJ;12GDjgt6R2DW2CeYDbo1ohLAxL66rcojY;12GDjgt6R2DW2CeYDbo1ohLAxL66rcojY,643526;754067;964063
fc503741a5e33ab37f083ce04ada93543414ca0f9288104b153bd5d7b5083a58,1yoHcN32goLbJ563qo8KZ77EzqX3AASmU,1270257,1Mgxtkt6rLZmNimMQrsy3brsVDT9iTMFB;1RT4qfsEvmWGBseqS3PFtDPu6vfUT4XHQ,616703;644035
bbcd7ac2718227b29270be158458fd4be85fe3773cb9ff86e5cde3aa0f5a0380,1DHkM9tzoShj1mrTH6ABdT5wxsLp7Spfv,4821988,1GAg55zydXtmqv2ETiiLCjrWy6CwdgmZuf;1PK7W1i6wyuEsNe98eAG43aAq2Rx6fQrc,1805804;3009778
0228f397d1c7557066cc8d868d423605145a057e52e615a3dc83ea297a7c5859,1PPrDRXd2BsmH4bhGETA17jZ2LAFE6MX3,4371666,1kh93ijVyTgj8jWsm9F7WJNj6vjjuwmE3c;1eYVZ9rWLqVfGyUs2dPCF1GHBGURJ7u8Az,2418849;1950121
39e483e039336042f06e29c205bcb64c4b3f35fdf5d3e6d882f9364acf5f7921,1Kp3btvRJs6R1UwNUExMNv6HAJpkbe4a2K,3730500,1JQVtjXEgPt8As4jQSaDJBLifP26NMQ1B;19ArrrtTgS7pmaKUHGPc6d6cs2eEw4tHw3,2332096;1393909
3cd62001106362ba65892f86f8af63b843eaa069632d88c67e4417bb3a79c73f,1979GXJXSC9mcn9jHwociZTaCx7EDNJFoM,8091037,1MS3vRzrYhQ4hVjbrvpSmpNZgNa6EoHsN;196a25ESim3LxWXigvq3Sf1xJY9JkPdoa,7127225;961190
72fc34182c815c4bb6036c39be87f2f64ba893d96d6cd60692058d271c76e1da,1rJHXYeZxovAnPt7CuGW6jnXmGuDgzvkX;1jkSCv6pafCxBjsieDkXz4WBjasF9Gs2p;1DuXsbY3Ttu8qk7RXib9Z5BBLD4UfMpbPD;1frma1F1xAVmNYw91eUTHW8gNkpPM2gTf,601364;717054;719340;830882,1nVvkXELq5ij84PF2DY7TnHNcshSu5pvU;1y51uW9YanPKJx94iqGEuU2a6BPe9KRgV,2276953;587647
7a3f4713b3d6a3827c59738f7211493d9f831b37b300fa450d02c7346ab7a370,1hTgtT1EevnW5rNtpF2FLKN2qpESJ62Sf,4885480,1XeDj51cqeobby9egcbdgXcm3faF8y56r;1EcwJUBRAo7kdvmZqky117LXk7b6nQoS84,2436863;2445279
6d8c66e1a71dc68b24e5737a942cef66e30104658660c708feba5867d1c1c3e8,1vPmg4dLLZPFrxb95fvJff8i5ZeL8hwzu6;1RPNP5EK6iL93vUqmUcu2D9wcRnE8Eed4;1JoUqNwzTHPXypo9FesZ6rrHmGu9SwDTM;1vPmg4dLLZPFrxb95fvJff8i5ZeL8hwzu6;1b1WF9RcERf5y4XWzZPUdyF1nLjdmjL3Yp,186151;362001;333218;640674;288949,1Rdn7tU8S56BGJRLaBeU5TTnTUXH79FxL,1796943
38ca70b9c36db03b74b1da675424d606775d760d56cde9be41053b0252753ca2,1D2wGPA9dpf9bFhfDi2fynWZ9AfwFg65oA,1036172,1s4JYkt1BdSghLMoXwNRpCF9KCgHV1pLu;1qFpUokL7x9yrjyyoNn1YTgfapw7E2tZvD,189679;841018
b964830b25f5ddbbe117fe42eebfb7a837ff2ab38320bc10ed67b928167ef818,1dMQyYtVTSHub3rqNnHbjsdWtwgXA952y8,2362513,1Fr7qf3JXmMHPNwTfs7KV8hM9ArNGZLDk;1UP3SKMBm7pCb8Hs68nC7swAfw7DR1Gkm,2141347;218894
590e6c427f398f4553cf89b6a2b9def155ef3d4e1811a5a3040605799eb2a0a1,1k3G1yC7UT5pgcH1Qk97tmS779zMJQYr6r,2684581,1AJHTmGUEw64dxVDJuZKBFgK9xzQ1VyYYt;1aeWSgdf5Bpj4pU3m9PZwyHWX7ycqiaa9B,1050608;1629350
ebdb6bdb23aa6e534687cf587c5e810161989dd34f807816f0d4fbc7afe8cc4f,1AYchy5U4CkyfJq7dta56oG6CTJrMug9r,42965203,1yioP7ETBCceZp4zh9eCrHGS4Rr1zYzWG;1AYchy5U4CkyfJq7dta56oG6CTJrMug9r,814313;42147476
996e5e942d3cf9dcc6e545c3d837bcc2e84d8006b7412536a05474a39cf0c97d,1qa98JuoruDF6ntQc9vsypt2jLvospGn7;11vYikfN5fLKriJJQQJ8RwgucJY1HRaeTS,701487;487478,14QYRCRuahrmP1MkrxRkYbDDS2LgQAU8d;1qa98JuoruDF6ntQc9vsypt2jLvospGn7;13FrTofzbxtciWqYukUGFdmXdG5HGKY9Eh,301799;317225;561254
6fe523704a30fa5ee6677c8ff2ad1c81729c6c7c3b5c3f2048adcbf6427322a2,1heVn6DhJaUXRkLhGF7C7YmBDVjyXH6CE;1mAck7px72KgxQi5hd6mrb8znMRNWLrp7x;1iSjxGoYVSjGrq6tFTcN2rBDoLthH1w5iV,523685;366176;573913,1iSjxGoYVSjGrq6tFTcN2rBDoLthH1w5iV;1iSjxGoYVSjGrq6tFTcN2rBDoLthH1w5iV,526975;933506
19cfef8087d611b7a6ead3779fb77a0e064fb3b4b07b1ff9f35d2304f13f4b15,1mQVJd7GcLdrTrDDSgYDAQYQ8auH74Pn1r,6163664,151hrU72mErWJ2UQ1Y7h9Q1qZhLhbjNWS;1DtADczC6VnpyMRPDFhavFhCRTA6CrP4DB,5834511;327873
bc3025f80bf76a90cce06f4bbbf6f5c95e05a96f2cccd4e73358e4039758c6eb,1LCqfhRhrAodzHWycXS9mzwARTGUf2BZQ,4292455,1i4J9MAjcauKjHh4mJ4pB27Gs5HzQuBCNz;13LFxHhpUaiNZHSPgZiUaeDWTSLgyWUuZ,1822778;2460078
7d53771c39903eccd862f28f59afe9d2fef3d209ecd1c04ea094dcf2e2fb4889,1aBPMGKz59hAh4LNAxk5nmne1DTFBQSdN;1CBa7GoUcwMqbt78p36iM7KXmPCJnUeTq;17CMLbLJJb9zaPiagHbCch8qDuUurGjgK,256516;607772;717596,1CoJ468gKVZdbGRrHuZfgNVimzyyuCtit;1k5ktoESRZh6zSrHcQoEUF5eqK2FxWHxPs,1455292;125553
0554736095d1282a9d2ac0f749bc8334179b15e2ebf4e0a92021cea776e886d5,1B4kXkUnW7Ww3nsXTx4UQgVu55c4GdYKz;14Hyxp6Dey3LznCqZbpEmnbHzzYo7s8Mnb,496593;395544,1H7VR8XEZfMQkST5KRQeHQyAwTgMS7SQ5s;1siybMaDfE7rNmaorypce2vqGBhJL1sZQ9;16XNTAKKwbtAk35SRcRDWM7gbXJDz4Cwm,269370;299648;319450
9d5b8c362dbda76466446a36a61b1437afe62095ae25190a81b5dc58c99b4d4e,1uchC4eb7neYkfbxiKNKfcic5KNK4osFab,3822097,1XZgsCxUeRvKGWE2XUfJFqfTTccyrAxYT;1t5Zezre3LSNeSBKKaELAaXDupLqdtSoTu,2252692;1565377
249abbeb0be541c556dfb83d4766949a1b56a0da872e4ef2f29511c2dc3b4156,1F6QY4dB9gZ8AXDMCZLSNmrHCofFuGMfVy;1VX2JEKr7iQpAV42QeKLTsMXTm2od3NaL;1YGGfy5qhDVuLuqfA9UCMqstpX5pRvLxT,263550;769268;976788,1JNY29F3f1kvrSDSoW2BHurHvV2poVGfu;17n1d23h4jUF2S5wuMEtYaVRab8VKMu83,1956997;46351
28a6c6d91aa4d82a433d40f43db84055aa0f7ca01c6edc798c6e1803df24ac5d,1Km5oTE3HEyL7F8FEUDdQJz8sWoyK5DikC,4899280,1z2742bu8y1UJ4Yf4LfL6cdFuZpUNyDUu8;15gUQCPfsyj2VpJcwq8XFK3aoMfu2dZ5W,2319095;2571155
8807076e194896f0f5728f88d37c4a4365d1877664f369fb4b87e15c389d183b,16XNTAKKwbtAk35SRcRDWM7gbXJDz4Cwm;1Dn5dXCnMxe96FB9m5xdTZagtezKyKSUdo;1B4kXkUnW7Ww3nsXTx4UQgVu55c4GdYKz,554342;410393;346418,16XNTAKKwbtAk35SRcRDWM7gbXJDz4Cwm;1H7VR8XEZfMQkST5KRQeHQyAwTgMS7SQ5s,476643;832338
3da030062a8dc95b87e563c57d35a5fdf7318ad55bda44e595b341f59f18c0d2,1kXhnS3dGFvFjNG1dvAEEf3kbvAjitXd9,4325862,1HJFLyzQdPj5x2v1tSoes6xDAuGUN7JXy;1LNX96SxSRaSaxLFut7bHRFXgdQrLV4G6,2697363;1623747
3fae7e5651675d9b0d7fa10ebe766036a56004b81436d0d166e0772affa52c7a,1yCY1SPBnsHDsuZgQsdKxgTm95ccx1EtbY,1459987,1tdPhskGueszbVMmgEpU4vSdqUq1gTbJo;1zmnMv3Uns9prReGXynGbinxnY2HmgmPm,619781;835298
4aab2e58ff8c029a50b29eedf75e0b99031048457ed00ec8da977d1a85b43018,1dHrqGvzFtzWP5iXzkfcEE8opFSY6FMQcq,4259622,1SKvdSDTHLfW3xMsgBQvSTYMb57bqoLse;1KqF3CPR9npiCoQQBUbHqxMoMjepVr2Kz3,2515280;1738252
a4b91f4d4747a71df2d9a26bb6f6ee4cd5b5fabb654cb49d3e3d136184a8e243,1bpbT8DxkaNDJ6y4Uej3DtiB95bg8yPDJ,183004963,1bxvq835LEHEQU7BjXsy3zr5otxpW87ZNk;1qwMQcBgkhuuMxEVWqKgwQA3WnwXvaLUB,182364993;635022
a8e8eee2b9c272d8d7e31e4b6b181737dae269f60368a36c4601ce6306ce9f2d,1Lq3nUs5RjBELLD7H8v49ZjbNTWYv35T1p,4992937,1toCoaRTbBeepBL8RWDnsoH3VopbiqQ4h;12wxj9FpDBKrGYtP91bTVuqeX5n1nAmF8a,1989982;2997316
e78ba2dd9eacb579164d51e0432546ce4ba4a6f3da5451fe2f1f3280f71a264c,1bxvq835LEHEQU7BjXsy3zr5otxpW87ZNk,182364993,1fHG81QZFijbWunGunFY4yfoFxqGgwJMb9;1zSipm9oBrmAnYaP9pP36ZSop3JuWWC5bq,960501;181400875
a06eb0ab5bc9fc62986c48c46866ba3aaa694426273a59f1e9b5405356c018df,12BruUyTtQYq2XstBDsQzbAeSnEVtbnQj,6101091,1vjzgEcWH6nKQqNv55c49mFrSxEvHYUny;1HkgKLsMsM5ynm1qDiLoaHtL9K9RAjTnBi,5654567;442090
c85e578b8641ee910acc394e59284900318bc1b3eb152b93b68c6dc7ad402ffa,1kJ5ATT5d4KUBDcNMtQhPjxCCoLFTmH4b,1676573,1hJJAm7j7s3b11NdSofZfgfm8bumW8ezx;1NAL8iUr7BtmaKod56oqXuL8oCgBB71U2,784152;889285
67df06ca80472d2e94b5762936ccb0c65026efd0974ed5cd59338739b0c9635e,19TWa5QuxAtifvuz3Z65syzeuywQ7ka53;1gqG8BbLXhBxn1ZSTP8k7TJSBTyk5v6Niq;1FumqYV7LyY38i6xMu6hxwmWK7dCWfJif,261026;518284;546505,1ZykCb3QQbxLFmzTeMCNP95hrsUURgrtz;1ivR3jGgtvauRnckJnobw46JwqWWTEKTe,1085018;236885
fa510ec43e5eb20d3a8f4a21fb706e460edd8e9e8bfe980bc9133f3801762a37,1i4VhhVdCeXCg4hKTNG8UnfQEZs43scxY;1eTdccWX4asScSmyuNjtQ1awwspykyNRto;163XYtbQMbQSwb3vB2sHq2vnmiTTEyQGF;1PZvjXhCGwEhrVQU3EVFTXHfkknPJXkhgo,383270;430642;670157;999800,19LrkceYyq8fCaiYQ4Esd7Fb9hH9gycKW;16knmKgBP66BrpSQqYoGjq3ADv6sfnBEPT,2209330;270837
679e3868546acc177dce87f0fa1d5942456bb4e5902cf94c1dd3a6d675b76d12,1Jk7BzsnjBARaeaWAQ1ecWQKzzsfvEoWX,1567500,1NB3UGDjWdboKPx7Cck4j4h5gLQoHathi;15jS17jDxJcqAMHe242NBE147j8T2wrA6,145065;1417485
fca01c8453dbb262d49125d6cfd86b2eb18cb6dec50fa858aa9bd4be1e2b9e82,1xnpYaJbLtpMombdTkYWfBJGYd6cnSiqMo,1501034,1EJSg1gRxNG9RAVd46faFfGoFGL6s6oW6;1pxoHHiMSFUCYwh8cbFfXe4Qi6m1YvQwsU,304659;1189459
20ba9d565e67c93d5c4ff84fb317cbae1ac3edf15047580351637cc571eefbba,1dD5r58HMtcQrxwdTZxqB7sWH9sWvnb6er,2662988,1S4nuzKGVCVfLrau51FeppsE7tJRhU6W6u;1pJLycizxAPSrnMew1G3niHvPjGxEqYmB,1432829;1223668
00c0d71fd2d918d838666dbec6609e2a5064e79f449883120ad681dedb87e1e6,1Ekkr3gAWLxc3eRjowyQnseE9XSuWPyZt,7443158,13XwHBYwBqrkFBjDKPj8i4pC3zgY1xwccR;1QpJCA737jzRY2SppX1kFcD9JnhwtaWiF,6680081;758717
38aa660066a1598e6ca287168879fd2e1d9a29ea8b25f647805579bd9c61a0d2,1jAdmCPuQvWTkzPoE6iAYrnmCHBD2kZwm,3928130,1NQF4uErw7Bpt5rUYc1hm5Zndo4SxhC21;1Perc3ioWnsB4Q9ayt2ThMZpjZFC3H4MW,1713492;2211233
1b6bc12ef410833943ebdb184df720e8fc0ae021785fdd4f832bb130e192eb3c,1hAnAXTC1QabrCoRK3zBzuezjUQfK9skUX,2062247,1ecNaoCdWQ73qXQkA4LwYY7wMdd7QmVvm;1dHh9s3aCde4oDAp4ZTvx32poP6aeGYKS,771945;1284759
6b6fb1f2c8882a45e3615a468aa15d601d9847828580e4d8fa7091fe1cc66827,1b8QH8XRHfXCdWiU6N8m3tXmvKUi9LHaE,3542754,1HSL947kQXDpdtkiM2ZAEuhu7Ye24yCzn9;13wLYycWpgmdGB5A7oB1g5BUi1TpHkv8L,1729041;1807064
9d698a2b033811aa1a052a5442f08675a0258e874051ce4b0bb5b0cce7a94eeb,1oPJtcLhuCaGYhYiVrhQ5WmEpozVfBQVi,3564856,1iRpVFhsuQzVrAPNL5ni9jssoM1oY7d7sL;1BH39ExrMn9vzj9J6AvNiPsp2Z1MYpcFUp,446351;3112882
bbc6cc6a94fb829f984f8bf2ff9ff5c736e8cec4c30962366769a88b0a93825d,1mJR6BzQzxSQ4rbChE13X41DpXxb6adpsM,2614719,1n62NybrkvmXwm7aaKQkv4HNLvZfmSrTb;196iw2TupXpD6hzDTHgzVk1sixUTCfKvQN,2403398;209693
8344d5358030be2b31e726b1d83d8cb160abde621852f59f01ac38d36a0a2ef9,1svKzH2TxrutdnKc27KpamVoMxZsGFuNR,2527253,1BRgHs787rzBLeVkcG8LrLjFzyLgcNnb4Y;1ycsm6WAzoza2TiCnDF2awcMBrRpHmXW26,1067895;1454803
53ef84baa0ce19a1f47080d01e1023db0592d9da18d246194e776b2dcee8f3b0,1T3grxYUzDKdn72r91vH5uimmKkGiA81eG,3436953,1emCmsa2GiLrwZdVHJDfrxxiSvDTLcYFg4;1ZBDEUGdBvkKVisX89DW8gcjQv5h82MvLv,3250037;181971
14290532ccbae6b193f72680ead0a5a022bdaa00bbda5c544be7d812a0cf17ae,1wgc6sDVBj5wqCa56mjXPenyjzzZrrohS,3555468,16ug85g9VWLif6qf9DoyHMkrFtbmkv4HY;1cxd9km6AUgVGn7QkxhrugSYPDPQZBuYP,1929559;1617859
796aa21218755d835c36c51853b6c35c6701303cf884cd5760306c9d9fcb8798,1UBQUXSuA3b4ySiYVbsGdKph6QYzHqvWJM,2666948,1JPePe35rpcyYNaiKf99Pf3JGzXj3oGBiv;1VrYtagx95dWuJ2DDmJM4TqbvjooxwvTqV,1255809;1401647
a85aefc8c37774a1262754f432af2af34f4cc2f5fdbb01ce6c66a75394998d44,1nzZaCCJskBehqLfrBhQek8tYphtvRKsse;1Eo5KHtR3USvwe2hUpXKbVTJLyGnBEvHwz,430531;585661,1HAeyHuUMN66QRbsTQZCS7Tr9d6MnDpYf;1TpAuyQaVA8arHY1VMkiN9jh5RGsY22Xvb,795945;213821
813c15ba2875fb2228c4908b97bb9fcb6de7687ab8cc58786f4fadedf04087ad,1pjqn6NM8RbkUUksWG954TNgaDSJxVPAt,2576797,1CJR2Mqa2mjKZkqbDyTDa1xWY6hQe7DcUD;1DzastMdjx9fs6oFCT7S5jkCiF4FfDsagW,1276807;1293138
6f79f602adcc0707dbf61de416aa8a7fb9a78cb3224428028c499666f5b0d929,15E9W4Duo9C3HdUd6PY7xwi3yc6wupniRn,1575343,1NcUAfPMqgQvZ1guaAetBKAvWz89c3U7bV;1VrYtagx95dWuJ2DDmJM4TqbvjooxwvTqV,321118;1250858
89f1171d128c50414c395adb1bd9e5478f147a5b8c19904e7f2e6787c4aa6e2a,1P6S6zDADZ8UsZvoGFeSpdxv1SRJgHWYN8,751856,1yXHUghuvbQMFtVzAi3ADK5sZqkgErTWQh;1ivR3jGgtvauRnckJnobw46JwqWWTEKTe,232219;518572
623db9f9f94b4903628e81be9f1ab9b6870cc5ae8ed73839911240d61d0c5bdc,1eexqN34KmR62h7SVpw8ivi1PagU6ThR7m,120181364,1eexqN34KmR62h7SVpw8ivi1PagU6ThR7m;1pFrqh8Qqa3yumhABAMqsmn9pqWesCzB9,119305813;869369
94c458744275eab6391a50b9d7d6d9b70afc581478098b05f689db83dd416ab7,1Q4uZiDVte99kYkRaMz9Vkr9AgbPbUFZwg;1Qwaa35fZKGfKG8eTvw1dZ6YW8M4FHSYJ;1vrAVDQ4NzGnTRxzZi9JyaYk4aWrAx5Bb,870209;753801;479548,15JdtMC5fmzrsPTqAMfhg5dXFTGvgDKm4p;15JdtMC5fmzrsPTqAMfhg5dXFTGvgDKm4p;1Q4uZiDVte99kYkRaMz9Vkr9AgbPbUFZwg,709749;504965;885702
ec50e0cb4c618a789750905272968bf7921aed553924e6eb24fe8632bf61ba41,1vhJ54ZMwEsQpWi6Y3x2xr6bVLb7n36V55,4080049,1tru1ewAcxRcL2cCe3kA3gACzzz5P9DYm;1nBeJFKtzWUa48a3LbkPEYmDiAHQGYmAq6,2245149;1832663
f6a5c28782bc94426a632b37a34667dc5926216a8b0d64e0acee303b57206030,1wSm66RZW66Zbns1RnjZzFXgAGG9AHJnM;1iVcT81PqPsSRpebJbhUBQKjdynKHnNwC,556903;671998,1aUxXJ5btzYwz6ivbfmgdJHD8wHYfB5Y9,1217979
0fa834958953b222499f1b2ac48ff233bb311180cd27af3f7c3734c01c5b64ad,1K4zHPStmR91tRz5KgQ1zzSNLMSLTDexJ,4029911,1PPCBnWtaQSNpVvYMFT7ab5c6AN9bEgEo;1P6m4YppUZTsiGvq9r3av4377jCtULRBJ,2319238;1707726
4a777f86fc9289fdba167f9d0be982cbe4e431a5e6ca4da59750fc1ed580a092,1UyLherrrPKims34dvzkS6dsShu3oJN9X;1A5scEu9TFF1ougASMbeRFrCPVEaazJyf;1qFpUokL7x9yrjyyoNn1YTgfapw7E2tZvD,586442;608070;695704,1sSVLmNwsyEPrQKUuPzne9x8xL6r6u19sy;1sSVLmNwsyEPrQKUuPzne9x8xL6r6u19sy,914300;970844
890fac64adde79b5425d33161d68efb5174382d99d23a1bc1dedbd08f544ce58,1hhuDAFPqMqEKxWGcQMi4e4HKgRAHE9kbc,2443827,1hsJDg5GrpWaEqRUMG5iP8AitBcD4o13m;1fsiKzcdk5T2HuutPtHTgj8ociFYsfbst1,2278595;161622
7ba87ba363ddf4c01c0406b36c9673dcb3ceadba289bd65585da53bb17b723fb,1JvorsMxZ3PAV591ueJhn6Lc2yn7sNH6B,1695838,1hSgzAGZtCnLyYF23momhPLWmLpgJwc4W;1PTHzoW9eq3q8j2umBj3uxa7bs7VPAfir,893235;799002
22b8d2dbe2499338027f7be42daaf0c6193dec22bd898a621ac3aec41f15f239,1AYchy5U4CkyfJq7dta56oG6CTJrMug9r,45061562,12upHrNvAC2fPuy2JkhS9aV5vBVtpdZLf;1AYchy5U4CkyfJq7dta56oG6CTJrMug9r,408354;44648270
a047a247d09d4dc8a600c1a776f514b4d87568ea828f349fb3acdd1579da2f62,15xRx92X55767uGJs9Xn7x3rFEbcr3AeU,959608,1WYjS3Xqrg3BbKp9dxkcVkjobq1bGQtaT;1HNPvsFAMuw2Q3FvqUwBHvLnedQj6oEbxQ,617261;339141
b2845fd6ad3d25107e56a8ce16dd80f2498440cc9585ae34c7f5482a270cde42,1m6AMT5wAxrjv2Bptnd8FEL8Qta1t8UtSr,3973267,1Ww7M7Twtfrau2hsw5L2oNYT6x89vvfa4U;1zghdnB3QA5Zg6m484idqgN6ircAhZg55,2143787;1826047
479afe85d6b959b2c8fb1557761050c2103b48d84a49fbcb5e39761a7655efb3,1KWGG8K6pK3XUZXA27Y7Mmwe6gom4qaXi;1GhoBja9LgQrQJfRBCNeErvfbFS5yymG2U,243821;402228,1wPSneb4FVU8iKnjMpo1GZTnJvi3kVQ4cn;1rPfFmrPcpz1N54wx6ArW9wQS8Q9DGkuHZ,597997;40150
4d7d22923908c3bcaefb8fefddc12fa72b6ab120891b14a93d016dc72c7eec81,1PFeuKF6pZXdw1g59bfic9MkEgm1sBKEn,3227128,1Se7pStx4o7uijsVFkvT71g6Mmw97WcSeu;19WXVsHe6UQThqjws6khFJLQgnEkhHiaap,2124478;1096799
bbcc7e66663bc8d0a67a1b9a9d03dd7a1ce75c78e76fda949b7e1f8e4d0c9a9c,1Ssbpc11pzBLoHPzJgY7HPoJ1zWW6E8gHB,3294160,1y2F9rt2GpsXic3attxpKUoCGeNWFkUmTh;1P2vxhYWhdU73LLGDVdUE7JF5MbZ97qho,1436362;1855901
757ef722ee495aa05b9965599cb6fda55f8a8eb225248299f389312f0fadca30,1kSCspfn7HVQMeqcdofnjnJYTNqcNEvHAN,2258577,1k2ZoGd2nN3fEQAvgJsx1SSG94vRwUBWK;1MJkG39DsmthiwWad3zrq359JuTPTUiKwN,171727;2080665
58d68524ed1443f9e1d379095efb3471605db012b9b06d7527f2202bacad430a,1eexqN34KmR62h7SVpw8ivi1PagU6ThR7m,118098797,1f1CabZe1gFzKB4zzV1Ev5zcYVecF73tP;1eexqN34KmR62h7SVpw8ivi1PagU6ThR7m,929536;117167539
3a4ddf91620b768b1610b46d8424fae5f9d0f626508c16e0662bf17105e65915,1PYZpDs37SNRLA2hdnA3wEgHpKZ16CxYN,1785470,1wgVjhDQTeGWhS1CnfPQ4ThpAYumjBTWPC;17FNpCoeyf5qm7PWXsTT9BWVmWto68jiH,759898;1016837
cb3d13e2510d1417641c6213b13250e0ea1826b99d25bdce28ae8995713c1137,1eexqN34KmR62h7SVpw8ivi1PagU6ThR7m,116282531,1eexqN34KmR62h7SVpw8ivi1PagU6ThR7m;1WAJukeoRTVQ9RWikVhpYVyT65FFh912X,115477378;803566
fa92c0a9e719f8ea80bcf5586d4bf6c768c6713b27936d6a6efc4f4cbfdcaf55,1vo8reYWsu3gukJrYBg6wC5F6w42yUBvZ,2488718,1eCQNwqWguFCkzHqX1SAnZkhqqjzmhDmH;11vYikfN5fLKriJJQQJ8RwgucJY1HRaeTS,813007;1671884
afab86cdac904de598a978939bb0ec3329f245d49f9f0616a6f91a774bc62271,1J7kATCZfo27HE6ZJUeodxC7BQHLbKt1w,1483215,1XTzyyKeUBbwJLFRsZ2xmi7R9TXATFkP6;15DvkiWHeNfy9yD7PLFNijCAAazAHjTgm7,536267;945494
3eb012ca63e17a5aee1ad6b1ccaa9a1e9bc22ba1af25f08e424aaf5b02bd57cb,1JSNK82WyDyGZGEJTqWr1q5xiuB2x6q5uu;1jqenmQpUf9ACiRYNgQ96JdqQKP3M4kqQ;1F1jAJ5aTVBCeic8nCvYP6bA1CMw7yvMX;1xwnK1TAcHE92zMH877RgayC4DdnjPKp96,485225;582197;832830;889527,1T592rEGTZJa9jVeqDseBgnHxdEoKoAmg;1QxF65nYCjuetCxKdtCJnPnpuxmPB4eu3H,2467237;319736
20b8ea596b8c1be535e733a0b85bdb1720f29e7187ee3e9bfda28c5607f65dec,1G9Er4kBCbqwY3TqkEmEVXFYFzM1S3o1HA;1w17K9aM15dRJRxEkR6zZ8wCdeFT18JNg,400263;502098,1r19t6qEoBkoKUZDVF1QW9qYM8uetqvB5;1uBnS3jQTwfTswJJKR2JEg69GfEofFVz1,832801;64211
4e8783f9f130e214b008b46250dcd232e5f594d75d1d2db0625b50faad77c816,1NGrtbpaF1ZqUdfRZzMw2sJG32GA9LNELt,3328685,1pPTtCyx5DrxVS33qCVEGg2CyL5Ho6BLG;1m9GkgLLcM4wGDsii1UeCEFCSv8pjkpkep,2121152;1203102
28d5fd837fc83ef0a4eaf16053da4333e6d79f5772af134cb39d1d70068fdc65,1d56BxuqGzDBbhP5RWydrHbF9qvnYEWEP,2185084,1axtBdoXBRrQfKvErKCXmFtBgiU8W3tLZK;1HQajvnGYya6saQQ1CB7C8mDSVojdXn9we,839432;1338894
bba62d27a1952c8307f74ca01b1908e6a01955bc7217cc7f2d1c084377622c75,1M8hvEXVBVyztq4xzJtgrVCRM5sk39eBP,1701054,1QRuayCe7D4igZdPAabrCP2HP97ZRjWQ2Y;1PE3x1vFU6PRWK8gnJQx2rBKf5GwBW5THJ,872320;824157
4d15f55e744dc949fbc0909612364d0a828b03504e658b89a88e9f2a548b46f4,1V9CLvhgeLPrtuWMV3zH18eDZvKJ4p7Tj8;1PeMfj7jiDkqJRPcZKgRWNGHWSR49um7no,415512;969169,1H1sLpNJ2y2HuGwJjbmeEZWpZKCLoBS5nU;1bnnyc76KPJohULyhtc3yhLHLne2D3AkF,1322455;58046
676e0716efda2359d302e21caa345c43ed00b72b81c3dcd9c4922963c2701d87,1Zsbpwtrty4VJpFFAT57m6pur71nR5E7Mm,8817800,1K8KX1RoLafXq6oF3kPD6Gk9aaAscvsQB;1Vqon8wSHUQGQvYenMvQZcTtoNAKJ3mhNh,8236737;579346
0ae1972a1658bba7482edf202ddc17357e88c4c9bb08aa59454e2486ae147345,1Ekc3LMyBKouCSohixs2KAevFi6aTaVwR,2244548,1rLYt8msf5TULVKmWcbyEpZqw9HJ7U8eW;1YavqmGQ4vkWfa2EGbNhUxPNi2EQYgdf7,2035475;206612
2a2a9ca85a0f379bd222d908b5d9c05b386f3e423ecfe16d038d1a59533be278,15AJkaH8ghwWV53SKF6xqaxzfG3kUevBa;1Ji834Hwdk61HULxFr74Vag9px5FZRbcm,593780;235241,1bKSQQoAWRNjFanwiXvvE92MjPJ2LhTG6J,820756
2f107f9ffaa66dc083d7f70d815e8c94c0781c02efcddc6ad51ab7e43d33b1b4,1T16gMWozDSYENAsohhASwLnZDn7wv21iy,1549380,1ApHxG4A6zVmX62c2tm4HeR4PYkfMU4dm;1axtBdoXBRrQfKvErKCXmFtBgiU8W3tLZK,167014;1380520
5b594474d4f1662cd02a1ff3a06803bf6cc303d01b776ba5a48b8517efe3a2eb,1YEV1vG1hpjkStkgHKyVqSJqKQTRM65V7,2909646,1r2wtryLY3dyLWoA141Bmj6CCDrMSMtkin;1avWHMNn6iBN1JbHsm994K4dh6MVVuDB1h,1145874;1760914
1a840c80353a853e55cfde71da86b541ea7f36141693ba292f95e1d52ad5b454,121BviDXeEtvQiFs7trskRM3pXGcVTnVg,3058824,15pp8W6X9cbUgTPaJtmWXQKDU7H7gWyZKN;1wNKwAgBS8CA9BFo3bQR14XzLq2C1YQe1g,1871160;1183842
732f98ed67129df9f9a5e49f3bc8b677d3c8c37da4bf4d84abce66ea5a46c9c6,1V2RcBadt8SBJRf3LuAUyWX8EQFaGb48Y,2056874,1wU5Uh9BCwyAh3wTdhiPk86C8CFinRpp8;18tYN57TDUnGqQzXkNgXtcS5dN2YoknzAo,1206621;841567
3d9b8cdee73aecb99f0b2791c5ad2ec635feb5b590b70dafb7509749d087fbf8,1UP2ApGTkCT3rn5sRa5uHZpRyxhHSCHpp,917468,1TV1KrvmtV7GxrFmdV4fytUvnE1QzRq6P;192fqgz2pqQkJcuYnwp9bp4cM13D4L7ZCM,580825;328082
aa6c4d3e24eddd67c78c066a72061b2d011644fcd2c67f59bdeca9165ff4d9ac,11keX3uCPLQX5kRi2C3sdwzZHX6QkbMmuL,919959,1BrzKSgnekGzTsviu4fwni65jouhPpiCsQ;1eszro8NE8Q7ag7vEk7vegsH23AhjeiFG,324628;585741
8152c24c5394fc0596cf43d716b76868d02e47f184cbf72a656611176c363f15,1nGUnFvCUNFRexhLed6uGxviXAL5Pa3p6L,148108253,1BH8eqkfNBMFPPqPFVnanVGdnGsEkxTuDH;unknown;1nGUnFvCUNFRexhLed6uGxviXAL5Pa3p6L,761734;0;147343449
baaa628c8e68226cbdaf66d0666f05acaf575f755219c7b55caaa170e18a3e22,13FrTofzbxtciWqYukUGFdmXdG5HGKY9Eh;13FrTofzbxtciWqYukUGFdmXdG5HGKY9Eh;1rDpTJoE2CLsyHeQyYw7yBxG7SjKcWPaF,480387;618438;411492,1WoxjfHfc6xEKo93zcmTtaiPQ9gtrtnDo;13FrTofzbxtciWqYukUGFdmXdG5HGKY9Eh,572523;927948
3e8816f59eb2dca6a70bfd7ee814eca327bec8c5b36b432d8d8b51bb0deaf1fb,1dG9vrEwwWUE7P2ThJRE89MLo8aADSAS9,3949365,1Jzuz8QZwfVf1yN3J35JX6TjTmt8G8259;1AuV5DCB2XRq8GTutPBstSp7Fdf91iwv4f,3488006;457143
2ad4232d6a070cc8dd6e2f156e1dc6e047dc230714a730427f1b8733762692f4,1CRBQ5XKQA3ebizTKJ92afUDRuWTHUQbF2,6438362,1gt778791b7ZMRWGNXJrWybUBtseUUidT;1RjKtENKdcwuo8CJk5SLe5PN249zJJHqA,5840567;595077
4ad289d2e79b203ae437ad132477244084092cbfe002fac3a1218e708709c7bf,1emReVdHxVogJ54SVCcKijry8NZKUGF6HP;1pxoHHiMSFUCYwh8cbFfXe4Qi6m1YvQwsU;1pxoHHiMSFUCYwh8cbFfXe4Qi6m1YvQwsU;1PTYpdc86NzZN9bQ33ioX9t9wKPcqbWWV;1hXZzUNxTXYgsgoGVxHJwymhhVUZwiHaY,181243;289108;215713;354988;531836,1UAvaqW6a7SQgeivde3gq6a2nmjQqKEcAC,1568454
aa7d65308f8395e552b8d84aaf3153704d203b2a204ee5fd07e28101db85b350,1AYchy5U4CkyfJq7dta56oG6CTJrMug9r,45957635,1AYchy5U4CkyfJq7dta56oG6CTJrMug9r;1ye8YLcATmoq7seQK4HqoX7vtQGrMWwHC4,45061562;892258
38d6097e7e6cb0d4b182d61473e086774c8348be8d810c9c29d76084e6549e87,1oKxokxzTeC4C4NM3yaVMfd4UN96LYRT3B,1421859,1K7bszcqznP699XtvhS6U6w2czJV7F6Ea;13tZxc3Z5xs52rna8ZmtxRL3yZ4PtrCv6f,576924;840705
4ec8558db705e48d4b4bb6e8c2e628242e34d4d953510df6d71d2cf2d5fa8583,1koAqdWbLmLMXoJXeSszCtFEtC9Gmyyo2,1987736,1totJvSyjci1C8Nt5oqhoU789sZJHHtPrn;1ekVirJZ9V8EevkRqf3NNuCu6Ci43qFqV,1251120;734739
892bad07edd15e30ef1b0172af744f5fec04e494530f0f3e97a105e6a8b69220,1AYchy5U4CkyfJq7dta56oG6CTJrMug9r,43593492,1AYchy5U4CkyfJq7dta56oG6CTJrMug9r;1HAzdmZFoarC4hpz3sNzw7RtNPKnEff5Q,43234089;353972
deefc05ddcbd2d7c112d53e5314c61510b94571314bb79a54b228a3995e83c34,1mXkRfinh7P8APz6xj6way4S7zSgPajjN5,894318,1L3sUfnp9oY5Y6wAdopBxZjp8ioA1eUPW8;1k3teCvBwbjEJSy92k3G8MyAGVTxSrCkc,551878;340441
1c64753c699a3c89eed4f0103c632b7f94682f6951e3e5d40c4b19f789528558,1RxTFBKZjG95HsX4BpN4BaVU7QwDQJLbj,4470348,1EM5MBM9Mfb3WciUZtW4JNfoZBDPNe2ap;1181pUhhiAK7uiWfAGYJL7mKsBS75EMiS,1662724;2802834
9f0d7f6affa14b5152d0f304f1629f0838415395267e4b6dd068a134525a80dd,1FCWhzK93kRktigFhLwxbgtubQN6SyEEp,1580233,1vQhqexyDQs69E2C6A1svcvVvMSEfr7t5;1jaP76BpR68cuMQmAevc3uSpnrNCkeJKZ,233543;1340538
4c457d7df90a9b20e9db2656aff102c387bcb4263a259bed0ac9c3e5ba15b547,1ad8cbeKLB9Ubz1HTXHLTv2cPAWMWJ41u,1666203,1cpk7vHtTeWHqpeVy8BFKtCUJLdwrBJex;1ZBDEUGdBvkKVisX89DW8gcjQv5h82MvLv,289155;1370659
6a3933106bd6c100870c87d02d3ad917f917a1a3321a6ef563785553841c78d0,1B4kXkUnW7Ww3nsXTx4UQgVu55c4GdYKz;1B4kXkUnW7Ww3nsXTx4UQgVu55c4GdYKz;1siybMaDfE7rNmaorypce2vqGBhJL1sZQ9,519042;700605;345593,14zgDyJDTv3hhGoq6arfhX5MxrEbA7BD4,1561255
d4759bbf4d2eac0241b4dddb88d4ff6bf7639be868ce24d24ad96f60d49745ec,1AYchy5U4CkyfJq7dta56oG6CTJrMug9r,44281760,1AYchy5U4CkyfJq7dta56oG6CTJrMug9r;1qeCg1wf5SCKUvohBko2rKzJc156fwpHF,43593492;685010
379996f3e41b7f49543bc26c2a6713c7cd833ba871614534f89e0e66814d865c,1iK1QEq7we9wHhRUUT9Cbk85mrLnG1jqa;1iK1QEq7we9wHhRUUT9Cbk85mrLnG1jqa;1UyLherrrPKims34dvzkS6dsShu3oJN9X;1UyLherrrPKims34dvzkS6dsShu3oJN9X,235836;685893;331483;381547,1wc4VSNitCcUuQp6Wud3nJvQRVJbShNHW,1623670
c79f870aec8f2108f8bb9babbbbe23bf572cbd0cbe8d29ee1f32f785f21f96ae,1t8BswRWJg1e7vDCvNZeNLvUYtBuzWLmD2,5426334,1PR7u8MNg4Z39dcqr9GmnGNt7cGDGTEFH;1Tz4iEz849SEPfNF9Q29P8jtQ5urc94eMk,5060739;364265
090524c5ad4b380c36d8d986f4e512e6bf061310713ac0d6529d260c784e29c8,1HPAaxregGQ2nm1ueb1FoJyeRNMFUgpQ6;1HPAaxregGQ2nm1ueb1FoJyeRNMFUgpQ6;1HPAaxregGQ2nm1ueb1FoJyeRNMFUgpQ6,621644;131460;662010,1eMF3fsr93JazgvF914VXKBCE9LwCVCKt,1402635
5c8bb1f06cea189b59cae29a09eac55ef7400678c1d74a24c30846bdba5304ba,1TSrzJdcjwDDfAB51TbHEihTgvndfwRYeu;1Ji834Hwdk61HULxFr74Vag9px5FZRbcm,619340;564857,1mAck7px72KgxQi5hd6mrb8znMRNWLrp7x;1TSrzJdcjwDDfAB51TbHEihTgvndfwRYeu;1mAck7px72KgxQi5hd6mrb8znMRNWLrp7x,567900;250265;360212
6fe9a7b8a545a71ec1a00401a4e1086bb12fb5c396fb92be4a2a8216065ee9fa,1EArmu5uDjjXHt7YB3hH1WVc41wjgh4QE1,4762680,1tWDdtXkmJvQEJdek5FRRe6Fru9wRJzdB;17cCxkSWEaPVZa8ahF9oy6Fy8rV99Y2WRT,2058308;2699502
10c2aebbe906e061579e36dc650562b999eb904c58681a42ccee10fd6d111922,1EEr9T4QRXPFL5TNYq3Nc35obfDDuJuDCk;1ng5kM6E5ccbyKdnTEZNBaPmJF5GPn9PM;1vhhQEKHUeJMtUoimKCK3sj1ZaiJCEaFYw,501082;305733;559858,17pX27r4nEMGneHQv8K7JL93Ftqj14DtbV,1355162
7863990f12a8dc8804377c350d1d75571c27192863fb6f505c4920ee0d628af8,1cK8kPYoVh5D5EmZQFdCRtWkic5am1C5h2,2942318,1JaBHBHEdZkxMazNBqo6j8tkJBoTfMCuoq;1nF3Khk24gSwavhap3AkuY1d1eosLmHCj,1272567;1668534
cd9e9b1d84034a1dfd61f2387bdc63f6eee0ba90636970f73c9338d6b418ff3c,1gQYdHrYmcMVPGFumVy2zqsof5KWX8AUHs,1973785,1nX9F533VvK13CCZyU1p3Vb4kD7rNvwH92;1Abx4bMLpH6qhH9Aiuw2yexTLQhabDJBq,1288908;681558
cddf5dda9d1a89d2c1a55dc521916022db1444d99689ac686194da57f34a7fb6,1jbGQjPqXTsECciVRuwyBCE9AD4vNjNi4t,2644817,12VBtqndwLYzaugGTLWam7b8W9YuLrwBU;133pcctSMYu4T9FYS9wiLXS72o1ndUjAEc,1418801;1221432
91c5b8350279eb9f4032b75c9c3604da83e939fae7c9f36306aec060dda20cad,12pWAnVvH8U5i9erzL5x7Eb4atifrAjYY,1935549,1RztYUySQN47cD4k6mQsZiAfK93nRcoecz;1PqxD9CdT87akGGGYYvUk4wR6ioaCNGiDU,922335;1007248
fa46aaa5b6dc27296d46667fa3d27361949d0b986232a1aebf02a2b3798397ba,1vzs8sFiqmgVaGRTdt6WHwNxK1mjjTfM4X;1csxVCPZeQViSAZoD2EHnZmVWaGYzYkmSD;16qkJzTMpSzmEpbMidA9CD4MHYKhHGrzg6,247580;310892;515542,1NLhcomLffEB3cumEBTn6vGF2Wn9MALqc,1066927
a2f409cff4312787d6dabffaf4b905f7790b6e1053d167726708b431128d2c8e,1zVjuYYquuRh1D5RVmy7RFMGRBxf4wbgn,3079005,1xjZUjeMM1HtbsNSc3yJ1PNBFw8jT77jC;1vr6ocDLJiBSQYFXjZrvMaW7mT4HSrwvUC,2887884;189768
442facebf03cf9133f9a5884d7a597ed83da356df6428992ccca1f618537a8c1,1ZCrCUzpGqFJyDJJCpzbd6KxFSj4Tu6Ac,3854708,1pfiVpHYjZCmzJDTKJFvAhAZoD4pWLnfee;1v9kDWBtd6vYASzyBqiuqnfbpZGThaNmpE,1892480;1956875
4a7af8078f7a8792e19231d79a3816e165f68878d4462ec8bf16e1e96f47802c,1vAgqTZHpbhoLmoqWtWYhyyKsmAzPvF4ep,3097862,1V1WKvCokbyojeRnmgnVSFPzHdsmYRjQT;1r8rQ55CquscN8T1GusyAGomn5bsCntoQ,1939037;1151531
6d29e987a5d18e36ee2180ebf7779cb0f1d70623c93c7269b4ce24a659f7c0c0,1yC4RpDhdwcpoRAu1EJU1fmQnAfvnHoGb,928661,1H4PqxRPfUoLFEewBuw4WngcSB1NpNmuCX;1QsSP22WJwmQa5zocHkyBAZx6cjMUVYf3,255595;670375
9ed6e88487667d109d6ba86865c6f92ab490dd63fd86cf25bc9650c9b56b1d60,1yzn7oX7n3SqWELVJbNtZAVbJRxJhKYMB,8318748,1XY6ai1fCVuvpsvYBheTVcpyDSR7Vh7hSN;1QsSP22WJwmQa5zocHkyBAZx6cjMUVYf3,7731620;584607
5ba76faab21c44786c14ddb5ac94d5ed50573d8f2065298190d455f61a74f912,1N1N8c8uq9b9oeE4UccA3EddCqDwAjGvDG;1SqJ5APVhf6w52UEjoeyNAo3NxWvWC8HPM,734457;852498,1G1w2osk3ryBJrqJbb6UTihBgTA5arhN99;1ZwQYuoC31pDzyYf4ECw2DgQvR9zaSqAD,988043;593174
223301b7e779abbea6fec0018cac66e6a660699b20d522960200fc5fafc714f2,1A5scEu9TFF1ougASMbeRFrCPVEaazJyf;1sSVLmNwsyEPrQKUuPzne9x8xL6r6u19sy;1yUQK7AQVfQm36F7msp1sT4XdVS3G8HtV2,739355;659033;568622,1iK1QEq7we9wHhRUUT9Cbk85mrLnG1jqa;11snyukqumEoDCFkmg86d3n2N8uKRCnsNW,766596;1195488
242ab5bbe6809441d2957d4073f9f33f03f94d5b05c218bf152a74cc8b7583b3,1vUSRAMbrUdC5VAviWE2BdWAD2ocTt7gXE,3472999,1ut5MPjis3v8fX7d5qJTVdfruYYisTJFo;1PXin9M79C85E24wpPz7cq55NaUyvhy8V,1236061;2230816
2b97b31846c794e7c100a95b54efed104edc2405ff37580d4b99f7efc322ac20,1CMxr8E8XGtZ3Udz3ZPNXw5VCyJA8zWy7K,717841,1yUGyEJo5mWzjNewnwQg29zGW4kw9jXASf;1ffZ7gBxXAWudjW3GuMxDX4b54ahRGNET,381468;328695
7b4cdd1cddae5146e50622d27b186ff3668f7b8a41de856c876512f87cb18298,1nXnAEcRBDewg7GACtN2M3H4Pjz2YZwVEJ,1902730,1vyVDCCiDfsPVw76JqHSUF4nN67HJX1fdT;1o1PNqthLTYKmJxPFX3w9oreLPJPiPfFkX,889999;1008194
bfd1cbae1f9e4ae07eba62cbda481c942d227ffc3bf21de375c74d0142789455,1nv1sADyEmFmZ3CaY65zUR1Tse7LND4gH;15jS17jDxJcqAMHe242NBE147j8T2wrA6,623830;980318,1XqYGqrUjWDA63nYYYsqn9ZpttofVQxga;1FFP92rrCGv6xCUYtHZFJ7WUjGTpBh7yB,1571788;26300
d20beb8e0c1f4801ef97c78af166355bc3f2af5e33a84e23f283ad8b3b01a3b1,1vBax7nid8rAEgG1jPRWmSeF4x6oML2Zm,4719151,1vCgVkdy3Bqb4SFfoLNmtjoPBt1gQbbUMq;1x2wZoQf5fJCDzh4QfdvcfH1nnkiMMhv4,2417079;2294188
dca8bf9baa97c8698ac23211ec4819eb8c14c9643592d29b3f53b19616ef186b,1KuMs75Qsa83LaFpUnh7BWLTGYDqTgMnJ,6405986,1m4nUDkTMwbJhDDtbNnZB29t4u3QQJtdiH;1reM7jsaVWC94RCZQtx9vBYCjSohrH4Cph,5837636;567323
6d8273d476a0a29adcce056dcf75e473749490e06f28134c0a100da2794a08f2,1xMXj91McUJbcrL3ZUdmtvtb6dkZqFBqHT;1jdTEWw68wEzYBSUzoTEQjPhVZX1tgJUzu;1evciN61JHuyBP5UsXvUyB1fujodHYMo6;1xyScxMVZoaKYguCbLaULzyj5ZCH2imR1E,247153;413124;715675;768276,1TtVL1751Ne3JzAHyTApeNRpiV45e53zXv;1D4rFuC9gbjdfr4xHHFcd9qRozGkhQVBv,2083132;59740
001fc5a1907507856c2ecf16b8c6c8691e5c4878297453db064c33ca54f6e643,1NCaoyoVw4uraQ5Fo2fbdCbXjvEFF7fbeQ,1286092,1EVmBoMzEwRku1htQrgm3HRs55oyZGcmZ;1bouVHj8XuenWsphBWjB7s8fTk5RzWmYc,849368;430093
26b64cc4645aa41ec8441a7bf5f75961624b66ed0015b3b650028a23ae9a671f,14mKMSeDUWCArGLW1PJPV11Lh5ZRXvudLW;13mBM7DEPnS3svkY7L8DhC5RSuGsBKoKn;1Wiwa2uQfRTRA99qbTqmD7U4gmEMUzSAF;11Wp3BkkM3Ycd4fZwnvdRDeooXe6Tuz1u,252968;280823;470662;635773,1bzLbVM9nQ7zbPcSyLHZz8MfDsfVhqEzP;1JsW6SJEPyfLWC9HAn9PR1bGv6QMiC1b4,1560616;73290
bb36040e629be09377e2922a728bd266b9a3817e89930ca374ae8c0d507eac65,1Qr6nKvJKnMb9huwoyErZVKtN92E6WLDCQ,1902960,1oadVbtNEeZfx99bRaQiEmzrWW28QCyFLp;1a23ujGs7vRZLZDUd3PWhgqBtpsEvV9QY,777633;1121455
2daadf7f7ee9ea83b5145413e1896c18c33a45aac663588882fdd69d71f6499c,1rUvtqyaMuWxuKyCRa1X6B9CFsP9QAtgCk,2316511,1kehiZm2jjbTcyQN3LwVheN8H1PiCBCGT6;1N1N8c8uq9b9oeE4UccA3EddCqDwAjGvDG,646695;1664331
40c07ca37c820cb46f01b4588e9595850f7e9de1777e4101c381893784ea2ae0,1hewNDxUTzNhukopmgbnXXMv7quCYArSgi;1jei1LJgCceQRLQ6yUw1PSGLaaGMEfTAg;1hewNDxUTzNhukopmgbnXXMv7quCYArSgi;1hewNDxUTzNhukopmgbnXXMv7quCYArSgi;16WoTWT4ToiPpka3L4zw5w2QmmyeRzPsuN,577631;258534;681223;762466;589446,1tFsPkWrh6r2H2tSadaWrcWqeDUtv1V1f,2856207
975c3483228a956052cf7467985c39ba72491226081eb6ae31d5730466da0be6,1wWkfrDRdeC3U7tNf1e6HgWAwA1RdhtmnH;1NcLgQjsjgc7oKwzcT5MzsvFSRccovyUEJ;1X9Ts7Qr4Zxb5i4ggwVpPE5D6pDeyfb1um;1cGx2kkKSQoi53Bi7c4xvGHHW99UNG62a,395955;406382;575095;995308,1qMtBH9p6WG7uNkuEX33y1oMEyTaNHWUc;1kvW2kLvEjUvUBXQaExvnPykHwisuSVwKW,2346442;21143
24bc20a5e65a9854f39d449854b7c6d244c947d73de6db39d66acf0f74626ea7,1AYchy5U4CkyfJq7dta56oG6CTJrMug9r,43234089,1AYchy5U4CkyfJq7dta56oG6CTJrMug9r;1V98Xci6NgpcvsYbG2adMNba1hVLFvTmg,42965203;267658
952ff072923d5b3e48c8a4255cc70b2b1d6b9a87b29ac15900bab2930414bd8b,1CaQWBRVXUZ8hZxPeoRr2BJgsZM31W6MX,6958277,1YT5CyFejqrQqhBPqjcv7sqRyfwEg6e7fe;1QesRGYDajC6R6LYvQd6JuVz3WKq4nfrG,6065105;888610
819aa30985899d34ae97ab1af4c189919744cb0c804a0a78e69079f858677f5d,1QWMPyE6jhEMMRJpcUnfXCvZuE5F8FocuE,1673271,1NPb6BoYLXgxFKKMmnhDxZPCL44CforCo;1xfCjAoaua1T68WqHGaNzuXMWejGxcLBco,827347;838772
a9c907264c3d5c3e822c8c3bddc782b0272442d3a6b1ace41e311c0d447aa863,1eexqN34KmR62h7SVpw8ivi1PagU6ThR7m,116865590,1eexqN34KmR62h7SVpw8ivi1PagU6ThR7m;1WrDHgnau7BExyLX1utcGSVQ1Z4q2wBWqb,116282531;575949
bb95217d8e30a60df6137b2b7f2496a94f03230cc2b72633a8e55ba2521d6bfd,1NSgehELDFSET81Bpd8f9P9enoHYF7qF1x,1980905,1mtUAwP5huHFhTJ4GfCwqj5j1bXJZMdFDZ;1F6ZbA1KFp2j1LgoyhDxg3QzsqhVF6CYbx,952383;1019769
ad484f18c86299bca45002fca1d09c4b72fa7169e2a14365982a3df24fcc2318,1eexqN34KmR62h7SVpw8ivi1PagU6ThR7m,115477378,1eexqN34KmR62h7SVpw8ivi1PagU6ThR7m;1Mw6cKVDAb8CuQwfaQkjrWw4fyXZeqrjv9,114954547;515946
67e51196795d7219bd6a6f16e8b705ab7787c194353f27dc294159a0def8f88e,1FPTRrCAFvjNAKaF7F3Z3xixN6gfNE6F4;1DDsZ6mJq7ApHNiwqrFBoJRT2W5pLdy381,290262;381403,1MYAncG8YfhWyDgWsVD5vzTgnbKAfxVgcs;1mfXjsRMYTHsy6KnmaXLdysDgD8ZsDcHN,437942;227103
3b883da1b6f2fdaed11a1f81d635b0f9b67d90461b704f7f6a06582f46b61857,15YWxCW8jyuVy5WuYF97PDj2YxLgdBBjs,6225151,12AYsDKySKMd8mtQfY9jpMA252W3mQQmFh;1rvLD1mhx5pbdD3fCEMHQDwuqA3LkaNGL1,5775179;446428
2d8616af9df10044e3cab15b47ba6adff0e5b71c8664a9d2e52e0267f619fe1d,1nGUnFvCUNFRexhLed6uGxviXAL5Pa3p6L,149553563,unknown;1ioCtXAK6ZfNYoyfWLpnUUiR6ARYE5dbx;1nGUnFvCUNFRexhLed6uGxviXAL5Pa3p6L,0;564349;148986658
13d6c922944efe01911e7687a72008fb7827adbe1484c30a7ae6c286ff0054fb,1eexqN34KmR62h7SVpw8ivi1PagU6ThR7m,114954547,1eexqN34KmR62h7SVpw8ivi1PagU6ThR7m;1D4mxM8oac9XAXR7XuDnZfaHP11Ue7ksLT,114511876;441515
4c97be5baf6430c7bd343d1163eff01ca6bee6586af77615759066efa33c5d68,1Nx29TNS58NKHx2BXu7mhDchzC85Bizpyz;1j5bpYK5fJbRhM3sMzGyw5dNogx9cn34n;1Nx29TNS58NKHx2BXu7mhDchzC85Bizpyz;1yUB8iw3CntKJQpU3eHs3fGoSQSxLBhNoG,693385;644583;372414;500422,1dgGRfgjbHcipUXpY51uvqLNR5bkQtuNG,2205213
40d3476989bd8ae0bc623e5194a0a02f88a029887b1771cdbf101d961bfd823b,1kKB96ctCZ61A2LXXnkEbZNGRXBvw5TbWA,7711143,1XqzRaEsWP8Dzw5q1z8aDxtbCT4MUwpeX;1Wjv8wQDiyTmuY2rAzscnQPN7dznhSADA,7121778;587462
4bc81c6672a65c2ea26510d5e3be34cdd31ba6dba7f456896cf52265f6e7b18d,1gaAny1vCZidUhnUso7ZQrZgqLNuMWmMa,2161096,1omZXKPZ1nDCH9FowG12zqhViUKTzd4Kg;1ng5kM6E5ccbyKdnTEZNBaPmJF5GPn9PM,150118;2006394
729dbe985d8d6cfdb03e46ad14165702cc07156fbc4b55e968feb4d4a9539840,1LcoLBos49h97XN5hfaLKyjSeVKiZtcMf;1eVtU6PReoFzY2PiUnLZKG2b2pHoUMaEA;1fGpv4zDroMqrBbohv2hwZZBztVJV6EDX,416415;651731;460884,1BW5makQ7FVa972F2v4FruNu8i8qAh24E,1516987
afaf2b2e08a96a9b7366d15a79cb82abd160075474ea3fdac7d1c08db83e3183,1zJ4nujD3ddQAtW7SLJ2dXzGGnkEpavbf,3503265,1Qa8WFBsSrQ5zBndupw4kzGpko1jdN5u5;15E9W4Duo9C3HdUd6PY7xwi3yc6wupniRn,413054;3084693
5b39a0d39547e97fce6eba6a32402aa3483333b9f3a7006f08165d1023f89ee0,1PDehvbsKDzaXVt3bZ2f5FXxuJgRRoAhL,3827620,1jyEuVYU2Cs6yk5ewRRxcVyEsMuQo9XnEV;1ivR3jGgtvauRnckJnobw46JwqWWTEKTe,1198074;2624559
a5ac013fc67dfee267d7f6b97040b3df67109889f702782b9a8cedf601f28bb4,15JagSGB2EuCMxbZxKE9dVKSjtfckBvLG,4438883,1w868Lr4wYjpnWhaoctCsVGwrdjZWRsAK;1ynEs9j8aUNMM2Jq7Kmen2Hou3QpxzBHGy,2839935;1592173
3546a21d69f0e9d0f1728a265c76525d3fde7a2305a6f2041573d648e1de2b65,1ZwgGtkT9sfN1eY3NNNANQuhA2DN561jdf,1123443,1EKKjWyNF727SLvyEa5XBK6xLRDqX3UnD;1UBQUXSuA3b4ySiYVbsGdKph6QYzHqvWJM,69632;1051508
842ce097ee2e31bb24706f4309dd799dbd76d08bd756c87278130888cd569bb6,1L4NpySTBveUapGKDG62DQqYuydzgfmmFh,2642110,1p7g7zcK6YtZ4oU8ei1qoMbHRPrvakEDmS;1AL47vE6utvKox8UrhUm6njvX8DUDw2NhY,2405788;231787
dc2d765f189ff1b093b72fa6f939fae169a643a8332e16f7c92215b62873ddce,14vDn2WZjjSiSrMdKr2ewxEc1BT2YkSYBp,1703610,1WoUaWcFduohmiDrKg49HZTGMPSdU5Hg6L;17n1d23h4jUF2S5wuMEtYaVRab8VKMu83,211898;1484151
db5379a6ff4a1014dad358836666e8dd46cb4e69b984791d3708b1a1f99a8a03,1mM71P5EaHgaoJF1BruT8xm6eiXAnDirhP;1jaP76BpR68cuMQmAevc3uSpnrNCkeJKZ;148QZnea4ZnjGsbYr6KoEY8VBqScZfQ5WL;1W9eWEpYRxhvBhwp2s8TrqbYZ6bsPEjNsq,224019;402480;811194;891407,1uiEvSEDEQa6kT39QNwbk685PcCcrmPSFG;1PRi8h735QM5Q2vPXEfQzZ3JcdsJH7apV,2276809;48664
ee93d38e2893f140ec221abc1fa539c418ca0763e1d85ad1a0d1729924f7c323,1TsWnp7BQHpZgwxtX17QgXfT33SJMp2Tu7;1ToTqUXXbVb8C1QttWDFBJSoiyjwmqXvf,726266;854819,1jSLA5DEyUpN8Jyypdhey8cdKtVWwFNvc;1L91B66yDgeBxcQnp6jmQu78ZSoEjgDrwx,973324;603596
15b177e1473ddab87d22d408b345c58b5c8a95ea19719aad93cac6200df3dbef,1U5PrQ1xV9pRgjtH4ja4sS1ud4XomtCggP,3653624,12gkrhToKLBJF9gufvbYdv8m1D8AeN8Gw;1R4CwdFA92dRoasoDXN2MmThqYHkg8iVZH,1446287;2204016
d8eb6cdf53d3fd18a03a47a2ed231b3ec6a44da2d2c1303188d8c964c7448407,1GJLyCdNcrYWWFiFiZNs228vGaz5a1yJ5k,8225026,1RLgW7JurhNJYbpSKMYHwsE2Fxmjbokp8q;1bet1C9Z6LALxNP3gp9XMCYpAWFinG6Cyw,7456956;767016
f96bcb4aba0485a240a45fefce7b9eeb9d3eb5b9a658f200ee80f5c0ee3f84ac,1ubf5RsBGKTLtHxRqUk4xE4x32FqdEU7w;1rDpTJoE2CLsyHeQyYw7yBxG7SjKcWPaF;1ubf5RsBGKTLtHxRqUk4xE4x32FqdEU7w;14QYRCRuahrmP1MkrxRkYbDDS2LgQAU8d;1ubf5RsBGKTLtHxRqUk4xE4x32FqdEU7w,613975;148161;569470;397584;143440,12D9dwhXmrRq6EyWDDwtQk4twd45sSLWs,1857821
ec5d513097171fe38372957eb4ae98906a40fe4ed5a7aecea251d6a96b4bd166,1VfpV38etweHuVvEGhjhPAZwnbxJ2UYyg,2276038,1NUUF2GwazcaeFpn4SNM5Vqq6t8y8f3X8t;1xMXj91McUJbcrL3ZUdmtvtb6dkZqFBqHT,145193;2125009
470e91fd210b901ead67e27b3e584641a6c5215247f02e5316843124348e225d,15qTZ7o24h49urxDS9jx2vYEN8dJiaM4GD,4303028,16VkMQbRTuGdCHfjHzS1U1cfaqgG6UFc3p;1tmcP2y1ajPoa5CxQwzhMjmtppSJow8dN3,2339703;1957137
64434869dff2ad561e6b8b7055db1818ee3c09ab90dbdaff891f24b95353d65b,1JzyTeN8Y3DBnLTeVoVQ5cyeA6cmaarWFd,2326417,1rV45JmmCJhDjoipyaArF4gpWnrdFbGSv;1tndXVktbdLUVbv8N4ycMYDENEYfaCtUd,891491;1427765
1f5ca4a723c83e88d6748ae4046061cd7cce2c471e2b2db62e74c9824ec0575c,1QWGoU8vfZWpszFtUYY47Dpqqfdg5vA5r,3119487,1ESU862NABWtAhmtmRg3vWkJjdesu629ua;1HJbUnWQcW1v9QqZ6YTyxbiPKzmJMXhgsd,1569194;1542777
4ff18bf52650c086996c518abab9e3b0d1f377cc3f5acb9c877aa254df8c1d4e,1D6QVBRuToWvQhhP7vixiBc9mnwiVUzAg,644900,1X5qmE1XdbenfezV3AgBmXG2tpxyMwGHSW;15S3FoCaurPZMkgEhG5FKfRxTNzbqiy4J,313496;323169
332ebef2a1d9a75ee97cbc270611e1c03ac5d241a67cb3aa703efe0e0f700b63,1CoBvxP2ciVFxrZArftKM3VeAqiX3f7Jj,3644435,1thYwYq1hPLcmB7bP5hA4HWgLyzgDCtF5;1GaSobpDjvWPD691FjnARJC47qvabTCfP,2106062;1530908
2b36cade9aa9371e14dc434e00b543c053d38d9a6c3e9e984c41c1fe66e37933,1z1FbpY931fjwrMEQZujJFApo34TaNLmTJ,1847533,1erJYoKrunkUx2dQGp9Ju8ikmuzLqZAk1w;1QsSP22WJwmQa5zocHkyBAZx6cjMUVYf3,364745;1478281
ffa458a58ae6330754a7baa39e9fe153ce1447760bcb0bec806c4751de58eeb1,1nGUnFvCUNFRexhLed6uGxviXAL5Pa3p6L,148986658,unknown;1nGUnFvCUNFRexhLed6uGxviXAL5Pa3p6L;1RDZrb9MsNtVa7dnBgzDE1DFjm65DJERb,0;148108253;871825
ae834c4ce62cfc1529aee8e5407287cc4d2bb0c134eb9b3d41697837e9e2cd46,1Ac2M3LdLcdXSqbvNMwDHacNRsDBEYiff,1335571,1ae4EbpgyLiwkLDP7Ns1oxGNJD6ZgFYMn;1gt778791b7ZMRWGNXJrWybUBtseUUidT,231373;1097924
e955d2010990766cefe248ba48a0594a3b7a407e4c0981bdd2c1defbf35a1825,169oFx7bNgniMs9Ac4j7rngovop9VpkSz,2910631,1zrV5x9QNcPHPBpLRp7cWw3pVnvj4EfDw;1MTgcTyHRgzqZkFteMCkYSzdNERhTjSH1,2654594;252470
3507a808d9fac53f71afbcd44255fabc4f5ff1b4e1bc04edcdbd69faf1407ce6,1BrnftaygipFq7pem3oTGydzbsdH4weo5j,1546163,13Bp5FyjgESNUTBvr6VrukXhYduVzVa4y;1sBLz4k5jvKBYERCg6kkD6dk8HWjh61rHr,556440;986132
976260489eb80c6046f0600c1a32f829dae85d00425bccbc1f7d2eef803c9a69,1vASk9jsjqohx9eVu5Fv9vPDdE5yLQ4EYH,4525062,1C56LM7sKdL7CHoonhGYAR4p2LTGi1wEe;1QWQgnBnrcCMSUt5w8bV34U8bPCJvCjy2,4244830;275402
67389578665c6d57bd94983ca1d2725a1975f0102b6218e7c24811c1845d70ce,1NE2jN9R1uGRPufuCKj9Byg6XnHmaLD8nz,3807769,1Jw6Vbc95RGhPV53cMtBseYGEnSAV7SCD;1Zn3m3dK9PiGzziJgDjr3mNZHAoqgpGXf,2256988;1545791
ac6334fd8f7e48c037f43a3ac7369f6ac0b6510612340176e177789181033d98,1zSipm9oBrmAnYaP9pP36ZSop3JuWWC5bq,181400875,14hZFF9GtoESronXTkNm7c1MsnrJEJMEsh;128nwocZCtniQmB2YfutNcZ6nAcEoroRP,148487;181245114
ef6eed049bcfa8f6afb99dfa885023cd0c2bc919675c8239dff4e4c03ee12ffc,1gYGe7STxsGWBusJec9mYnX1K2vsqJ4sw;1fD8waUnoC6SRUjgz6QLrFCTRHFvSrY3zq;15JdtMC5fmzrsPTqAMfhg5dXFTGvgDKm4p;15JdtMC5fmzrsPTqAMfhg5dXFTGvgDKm4p,146193;730838;764142;725787,1YXCBx2D1aqoCvguVQv77Et1APbCh2fSy,2362062
b15612ead157796397ee544eee2b8cc6cb19a8cef0502796fd31a583bf6119a1,1eexqN34KmR62h7SVpw8ivi1PagU6ThR7m,119305813,1eexqN34KmR62h7SVpw8ivi1PagU6ThR7m;1Lxugwg9SoPCFZgz1hKXQppRiLe8JLULk,118717836;581141
51c62f784bacf4f92c49e37d5273a61aac90b54aafd7ed6c9c669b90cabb642c,1K4j3qku4wdSR29GnrNWPH1An6jnyguZmB,1505368,1TM29a8yFU16Jumqpnx21bkLvGZTBnrrm8;1VDfS3QvSgFq995hHdRGqy8mJPwwFzYc7,640647;862105
381b5469efa23c46502b0278155d409cb873c59404da8cee1e75b10a8ec9b176,1Bmtorzcy1ANQnVQHXKr3CCDNeWBQXvp1d,4916467,1B6YcC8JAFSYR4m52cgL1eqGd6ucMo4art;1FcyiP2PAU4FXyx64vNRHqNf91zq2f3MdH,2581220;2325797
77a084f0d64f5630179711e12e711ad5157596da4090d34858d754ba435edc0b,1MJkG39DsmthiwWad3zrq359JuTPTUiKwN;1NBwyeWfyKFHmjGM9emqkSdtzPEZV9oPt;1DV39MU1UQviTaV1XEANR9izFcBrt9dbV;1NqQgBXphK2asr5hLuxgmztY39KB6SSGp,476419;566898;620868;808158,1gd6Hb35Wdmo92bzkTSJ9EfFqdAau3MD4;1RVoCaFiNLNA5QGmf5wtsZAMn4KF2DJt9,2359837;110736
3b1dc911d60d106facdba1589d56bde541c68bbaa376805a63ae114346feee7d,1wbTHV8ZbFtT4d3q3sRw5oYppXbhoyX5xr,5555927,17LU3Y6YkBAF5ULewEZVvifSnexJ6mzU3;1PhRNTGftUq4KHUicBJRETkQbZzVh2WpN,5236132;318090
e79b3296fd185650fa6a27cdd162f0f41eee7404279340e62e4f6604eb19973e,1V9k7Sd49Ag6VCViB5BoJmUk774yeUgbTy,810070,1bhcCtLPGXQphAqKkXhQHU5R3e8FM1L6j;1XqYGqrUjWDA63nYYYsqn9ZpttofVQxga,115378;691283
1d17e4174064d6fa53335120524220d4de827c66e7c8058e04a856f51df68e0b,1UpRCLaQuLQAXg8upxAkTzPSpccMtf3yCM,3447055,1sVM8oX3dgT65rUGLB9SF2F7y78H6HQcj;1NzNV4T3KW6MXZRxHtH5rS12dpR4wCrA3,3011660;431294
754088465548dfc792098824c9ea70f0cfde2f3427b34db83b02e66b8bb4f6e8,12TFnrcbDAnSMbM1qn9pJq3dVD1xnA28Hv,3426146,1t5Ww6mGVrkrjuw4MEW9WiqoC8FuXn5QC;1QqsACaPKsdA6oBtK8DU2So24BdsTi6Pj,1514709;1909417
e359e9904a98fea7b5a71665d6b7584617d09f807f4da3de5d1fecf80a81e8f5,1eexqN34KmR62h7SVpw8ivi1PagU6ThR7m,118717836,1dYjWCjhbFmfZkLbGpSYYfhXF7Za5rWRD;1eexqN34KmR62h7SVpw8ivi1PagU6ThR7m,614164;118098797
61901f5aace73c258681356cf0eea73cd49589b31d33598bcc7f362d40e5c5ad,1JTTjoec5DoHHEn43dcBnLbk4Xhxr8eME,1329854,1dJPrptLe5vYJFuJiiiy6AKQBWsMD3tQC;1ryXutpF2stNtdCjcvNZDsnhxrzKhABXdw,637270;691056
cdde1c079466005cdfacfdfd53092a183735aebada1476e9a69fec6c08e3d631,1Y4ptGvKLtSNqE1QXDJ5sSf9Gymkjpp7EC,183234930,1jDQC1NJqmSy353L7tAiS7Wm9ydeyrgfZR;1bpbT8DxkaNDJ6y4Uej3DtiB95bg8yPDJ,226242;183004963
e6ea9766538a96b9c70e94b0b59cf2eee21580c1f631ec4e9da880fad7cd4301,1AYchy5U4CkyfJq7dta56oG6CTJrMug9r,44648270,1haqfxYAaY2cSWyd4FZE8CV3DgAAgDn3cx;1AYchy5U4CkyfJq7dta56oG6CTJrMug9r,364776;44281760
172e9050ad214a065af0c7a9a77b18fa6d058a91ee6a25d277f004fd8354d933,1CNtq3ysUgDDUtudfjsHrKm2NdRgYpiQF,2435167,12weSgAmSA2xEqnzbWz5nePq4EMySnWaE;1GHsSaKdxPzau4dJM7982zUadYRgU6DRp,819530;1606133
019b2e18f193e6ef5646c827e12879b781d5d3a4920506b71cde02436d7ab6fb,1Xyzw8rZNgmxm14G34nWdWRh5YcHJWCoY;1ia5TMVZNF6aiEW3sFUP9wrZvjRKRiG5NW,756889;239921,1n4k3HN8GZntroeS6KeEK7E7eyhfKaj99,990737
5d50aaaeb7fad1ed896c78e3cdcc4c45bf4ad1a9917ec9858fd65b6afdf30f4a,1nGUnFvCUNFRexhLed6uGxviXAL5Pa3p6L,147343449,unknown;1nGUnFvCUNFRexhLed6uGxviXAL5Pa3p6L;1ZdcGB1PbRTCPsexYvuPRpEj8RX8gCUYd,0;146580284;761087
5d23fe98ecce6bcd13f2b4983f8cadfbe299281b45437985cedbaedaec321d45,1eexqN34KmR62h7SVpw8ivi1PagU6ThR7m,117167539,1YojLj3tchpkumc3eu6zYm4cBReQtt7zX;1eexqN34KmR62h7SVpw8ivi1PagU6ThR7m,294324;116865590
498e46ab799985f14c301c5f2c7e67522d85f032a48fbcf8a964e66a7be527f3,141uVX5DvnBnJ8TkS1errX84nZhbjCJvwh,1963586,1zWQVts99ciJHrByS1QgLYgWivkPqoAAX5;1b1WF9RcERf5y4XWzZPUdyF1nLjdmjL3Yp,573003;1384073
e175453848a956739c0b6152609abdacab32911fc08db682f2bc75b20edf2bdc,1Qurpg94vKbDp8hBhxWjKGphtQMmUUyxm,4220456,1EE1USzQ74L1wjDNhVPtt5cgteNyVS2FK;12NBN9KP4VBWWEJNvaiQ1KQUKfSwQosjV,2618649;1597077
9e4c29afdf69e321ef52643039bd68f6c3bf4b8fd6fabde820d8fa0e660d110a,1DiJbUJxvii18yn57rHLYcd2YnehsnZXom;1RNrCsYcBXgUCBPa3nUeXDNpgM2UMmtKZ4,298604;723733,1BH39ExrMn9vzj9J6AvNiPsp2Z1MYpcFUp;1nMJARkesFsoqtnffR6tBXVtETaMzFeSk,863082;156147
2a187810c8249fcb4faa6f5cf52e95e7aba4bff56ad653b2e9c4be86be47fc26,1q4tov6Ln7mZcEtinKmPSUeeTyzXjq6VH,1811357,1ASZqrbrh7E6FJ73wsRc2DrPjGwhX4KEv;1DQaFWZ6R5Peo7kBJhC9kgAKTuJLREYN5,931130;871887
8080a83873fcfe0d81f82f56f10b1b7f04a9a6a82142b6a856f0da079960454d,1thzfi4Vof5Q27kbtkQcHTAh3KzS71nRp7,1728757,1hi8Q9YuFsjF9ATnfNy3gyaaqyC5bYaffk;1pWeGZw6773hUAaGghqvmhcQhrfGzT8L3C,744071;981471
b19239ad9de3df2b79b2e50a7007ee1e7be4ddf0ef1a9aeb1ed863d80c3b4c30,1kGcS7WBSTdHEP8SA6GFrRGQqZ2f1JTcZ6,3935145,1jVFxEVqwA8pcfnTfSzHgJ7Sb84N7HtPH;1UP3SKMBm7pCb8Hs68nC7swAfw7DR1Gkm,99153;3829848
e7a9cd607276815e939432488f570c3f8e3ddb0fcfdb62fb118d53115dac506b,1EVUD4kLZwP6HPttPFAgoed4KBZiDi1by,639817,1uerXkrjw3bD2uyxGBU85pHEQTUFzMumg;1mgiHKU56suikESgHif3Anyq6DxD8zYZPA,394777;240078
2d7cffbf599408627be1b405f6265c2981f3b2b822f34efc97b5d4f06360b2a4,13K4bXdP3j5FPjJmzcyuQYUHWSwMAmHKYk,3292915,1XjsEUo5PDGEFB7qdqX2fGn7Y2ti67nqT;1X1mHztpDUfV3d7p2zL2cXjAPAQKq3H9M,1150509;2136224
8a9ef78b0eb6f659b13c0fcfcb2e0bcb01d49c680533dbb3ca8256b661c71cad,1utbBVyyakYHkdeFSkskwpmQmy6cJGpmV,4123298,1aGzugs2Fm7at3BDp8dWUZ6nhwPKPNVagp;1JnCgnBiiy8fzsV3NWUwdEco4P5g2JjwXi,2649554;1470791
